Ident,Question,Answer,Seq
0,Mothers Maiden Name,Mothers Maiden Name 0,0
1,Mothers Maiden Name,Mothers Maiden Name 1,0
2,Mothers Maiden Name,Mothers Maiden Name 2,0
3,Mothers Maiden Name,Mothers Maiden Name 3,0
4,Mothers Maiden Name,Mothers Maiden Name 4,0
5,Mothers Maiden Name,Mothers Maiden Name 5,0
6,Mothers Maiden Name,Mothers Maiden Name 6,0
7,Mothers Maiden Name,Mothers Maiden Name 7,0
8,Mothers Maiden Name,Mothers Maiden Name 8,0
9,Mothers Maiden Name,Mothers Maiden Name 9,0
10,Mothers Maiden Name,Mothers Maiden Name 10,0
11,Mothers Maiden Name,Mothers Maiden Name 11,0
12,Mothers Maiden Name,Mothers Maiden Name 12,0
14,Mothers Maiden Name,Mothers Maiden Name 14,0
15,Mothers Maiden Name,Mothers Maiden Name 15,0
16,Mothers Maiden Name,Mothers Maiden Name 16,0
17,Mothers Maiden Name,Mothers Maiden Name 17,0
19,Mothers Maiden Name,Mothers Maiden Name 19,0
20,Mothers Maiden Name,Mothers Maiden Name 20,0
21,Mothers Maiden Name,Mothers Maiden Name 21,0
22,Mothers Maiden Name,Mothers Maiden Name 22,0
23,Mothers Maiden Name,Mothers Maiden Name 23,0
24,Mothers Maiden Name,Mothers Maiden Name 24,0
25,Mothers Maiden Name,Mothers Maiden Name 25,0
26,Mothers Maiden Name,Mothers Maiden Name 26,0
27,Mothers Maiden Name,Mothers Maiden Name 27,0
29,Mothers Maiden Name,Mothers Maiden Name 29,0
30,Mothers Maiden Name,Mothers Maiden Name 30,0
32,Mothers Maiden Name,Mothers Maiden Name 32,0
33,Mothers Maiden Name,Mothers Maiden Name 33,0
34,Mothers Maiden Name,Mothers Maiden Name 34,0
35,Mothers Maiden Name,Mothers Maiden Name 35,0
36,Mothers Maiden Name,Mothers Maiden Name 36,0
37,Mothers Maiden Name,Mothers Maiden Name 37,0
38,Mothers Maiden Name,Mothers Maiden Name 38,0
39,Mothers Maiden Name,Mothers Maiden Name 39,0
40,Mothers Maiden Name,Mothers Maiden Name 40,0
41,Mothers Maiden Name,Mothers Maiden Name 41,0
42,Mothers Maiden Name,Mothers Maiden Name 42,0
43,Mothers Maiden Name,Mothers Maiden Name 43,0
44,Mothers Maiden Name,Mothers Maiden Name 44,0
45,Mothers Maiden Name,Mothers Maiden Name 45,0
47,Mothers Maiden Name,Mothers Maiden Name 47,0
48,Mothers Maiden Name,Mothers Maiden Name 48,0
49,Mothers Maiden Name,Mothers Maiden Name 49,0
50,Mothers Maiden Name,Mothers Maiden Name 50,0
51,Mothers Maiden Name,Mothers Maiden Name 51,0
52,Mothers Maiden Name,Mothers Maiden Name 52,0
53,Mothers Maiden Name,Mothers Maiden Name 53,0
54,Mothers Maiden Name,Mothers Maiden Name 54,0
55,Mothers Maiden Name,Mothers Maiden Name 55,0
56,Mothers Maiden Name,Mothers Maiden Name 56,0
57,Mothers Maiden Name,Mothers Maiden Name 57,0
58,Mothers Maiden Name,Mothers Maiden Name 58,0
59,Mothers Maiden Name,Mothers Maiden Name 59,0
60,Mothers Maiden Name,Mothers Maiden Name 60,0
61,Mothers Maiden Name,Mothers Maiden Name 61,0
62,Mothers Maiden Name,Mothers Maiden Name 62,0
63,Mothers Maiden Name,Mothers Maiden Name 63,0
64,Mothers Maiden Name,Mothers Maiden Name 64,0
65,Mothers Maiden Name,Mothers Maiden Name 65,0
66,Mothers Maiden Name,Mothers Maiden Name 66,0
67,Mothers Maiden Name,Mothers Maiden Name 67,0
68,Mothers Maiden Name,Mothers Maiden Name 68,0
69,Mothers Maiden Name,Mothers Maiden Name 69,0
70,Mothers Maiden Name,Mothers Maiden Name 70,0
71,Mothers Maiden Name,Mothers Maiden Name 71,0
72,Mothers Maiden Name,Mothers Maiden Name 72,0
73,Mothers Maiden Name,Mothers Maiden Name 73,0
74,Mothers Maiden Name,Mothers Maiden Name 74,0
75,Mothers Maiden Name,Mothers Maiden Name 75,0
76,Mothers Maiden Name,Mothers Maiden Name 76,0
77,Mothers Maiden Name,Mothers Maiden Name 77,0
78,Mothers Maiden Name,Mothers Maiden Name 78,0
0,Memorable Date,24/02/1991,1
1,Memorable Date,19/03/1982,1
2,Memorable Date,13/03/2016,1
3,Memorable Date,16/07/1988,1
4,Memorable Date,30/05/1995,1
5,Memorable Date,12/12/2002,1
6,Memorable Date,01/07/1980,1
7,Memorable Date,11/10/1982,1
8,Memorable Date,02/09/2016,1
9,Memorable Date,24/09/2003,1
10,Memorable Date,22/06/1981,1
11,Memorable Date,27/10/1996,1
12,Memorable Date,24/11/2012,1
14,Memorable Date,07/02/2012,1
15,Memorable Date,02/06/2009,1
16,Memorable Date,29/07/1979,1
17,Memorable Date,04/10/1992,1
19,Memorable Date,06/11/2000,1
20,Memorable Date,29/10/1984,1
21,Memorable Date,04/08/1996,1
22,Memorable Date,02/08/1987,1
23,Memorable Date,17/03/2009,1
24,Memorable Date,31/07/1976,1
25,Memorable Date,08/10/1988,1
26,Memorable Date,25/01/2000,1
27,Memorable Date,03/04/1990,1
29,Memorable Date,02/11/1982,1
30,Memorable Date,10/02/2005,1
32,Memorable Date,19/07/2012,1
33,Memorable Date,09/05/2007,1
34,Memorable Date,03/02/1982,1
35,Memorable Date,03/12/2008,1
36,Memorable Date,15/07/1993,1
37,Memorable Date,26/03/2006,1
38,Memorable Date,27/01/1982,1
39,Memorable Date,03/11/2007,1
40,Memorable Date,02/03/1988,1
41,Memorable Date,31/01/2008,1
42,Memorable Date,09/06/2009,1
43,Memorable Date,10/07/2006,1
44,Memorable Date,27/03/1996,1
45,Memorable Date,06/12/2000,1
47,Memorable Date,21/09/1988,1
48,Memorable Date,17/08/2000,1
49,Memorable Date,31/03/2012,1
50,Memorable Date,31/01/2016,1
51,Memorable Date,19/08/1988,1
52,Memorable Date,26/08/2005,1
53,Memorable Date,05/01/1983,1
54,Memorable Date,04/01/1981,1
55,Memorable Date,01/07/1991,1
56,Memorable Date,14/04/1979,1
57,Memorable Date,15/08/2002,1
58,Memorable Date,02/10/1991,1
59,Memorable Date,09/12/1997,1
60,Memorable Date,08/10/1976,1
61,Memorable Date,21/07/1986,1
62,Memorable Date,02/06/1982,1
63,Memorable Date,22/07/1978,1
64,Memorable Date,14/01/1994,1
65,Memorable Date,24/10/1978,1
66,Memorable Date,17/12/2000,1
67,Memorable Date,20/08/1999,1
68,Memorable Date,12/05/2010,1
69,Memorable Date,07/09/1995,1
70,Memorable Date,05/10/1987,1
71,Memorable Date,13/11/2016,1
72,Memorable Date,15/05/1980,1
73,Memorable Date,17/02/1978,1
74,Memorable Date,24/01/1996,1
75,Memorable Date,02/04/1997,1
76,Memorable Date,28/07/2005,1
77,Memorable Date,04/08/1997,1
78,Memorable Date,10/09/2012,1
0,Place of Birth,Place of Birth 0,2
1,Place of Birth,Place of Birth 1,2
2,Place of Birth,Place of Birth 2,2
3,Place of Birth,Place of Birth 3,2
4,Place of Birth,Place of Birth 4,2
5,Place of Birth,Place of Birth 5,2
6,Place of Birth,Place of Birth 6,2
7,Place of Birth,Place of Birth 7,2
8,Place of Birth,Place of Birth 8,2
9,Place of Birth,Place of Birth 9,2
10,Place of Birth,Place of Birth 10,2
11,Place of Birth,Place of Birth 11,2
12,Place of Birth,Place of Birth 12,2
14,Place of Birth,Place of Birth 14,2
15,Place of Birth,Place of Birth 15,2
16,Place of Birth,Place of Birth 16,2
17,Place of Birth,Place of Birth 17,2
19,Place of Birth,Place of Birth 19,2
20,Place of Birth,Place of Birth 20,2
21,Place of Birth,Place of Birth 21,2
22,Place of Birth,Place of Birth 22,2
23,Place of Birth,Place of Birth 23,2
24,Place of Birth,Place of Birth 24,2
25,Place of Birth,Place of Birth 25,2
26,Place of Birth,Place of Birth 26,2
27,Place of Birth,Place of Birth 27,2
29,Place of Birth,Place of Birth 29,2
30,Place of Birth,Place of Birth 30,2
32,Place of Birth,Place of Birth 32,2
33,Place of Birth,Place of Birth 33,2
34,Place of Birth,Place of Birth 34,2
35,Place of Birth,Place of Birth 35,2
36,Place of Birth,Place of Birth 36,2
37,Place of Birth,Place of Birth 37,2
38,Place of Birth,Place of Birth 38,2
39,Place of Birth,Place of Birth 39,2
40,Place of Birth,Place of Birth 40,2
41,Place of Birth,Place of Birth 41,2
42,Place of Birth,Place of Birth 42,2
43,Place of Birth,Place of Birth 43,2
44,Place of Birth,Place of Birth 44,2
45,Place of Birth,Place of Birth 45,2
47,Place of Birth,Place of Birth 47,2
48,Place of Birth,Place of Birth 48,2
49,Place of Birth,Place of Birth 49,2
50,Place of Birth,Place of Birth 50,2
51,Place of Birth,Place of Birth 51,2
52,Place of Birth,Place of Birth 52,2
53,Place of Birth,Place of Birth 53,2
54,Place of Birth,Place of Birth 54,2
55,Place of Birth,Place of Birth 55,2
56,Place of Birth,Place of Birth 56,2
57,Place of Birth,Place of Birth 57,2
58,Place of Birth,Place of Birth 58,2
59,Place of Birth,Place of Birth 59,2
60,Place of Birth,Place of Birth 60,2
61,Place of Birth,Place of Birth 61,2
62,Place of Birth,Place of Birth 62,2
63,Place of Birth,Place of Birth 63,2
64,Place of Birth,Place of Birth 64,2
65,Place of Birth,Place of Birth 65,2
66,Place of Birth,Place of Birth 66,2
67,Place of Birth,Place of Birth 67,2
68,Place of Birth,Place of Birth 68,2
69,Place of Birth,Place of Birth 69,2
70,Place of Birth,Place of Birth 70,2
71,Place of Birth,Place of Birth 71,2
72,Place of Birth,Place of Birth 72,2
73,Place of Birth,Place of Birth 73,2
74,Place of Birth,Place of Birth 74,2
75,Place of Birth,Place of Birth 75,2
76,Place of Birth,Place of Birth 76,2
77,Place of Birth,Place of Birth 77,2
78,Place of Birth,Place of Birth 78,2
